# elapsed time, f2_acc_x, f2_acc_y, f2_acc_z, f2_gyro_x, f2_gyro_y, f2_gyro_z
3.540512132644653320e+01,2.346317529678344727e+00,-6.172251701354980469e+00,7.489062786102294922e+00,5.493164062500000000e-01,5.340576171875000000e-02,-3.967285156250000000e-01
3.541723346710205078e+01,2.264914751052856445e+00,-6.172251701354980469e+00,7.532158374786377841e+00,5.493164062500000000e-01,-6.866455078125000000e-02,-3.738403320312500000e-01
3.543140435218811035e+01,2.264914751052856445e+00,-6.174645900726317471e+00,7.522581577301025391e+00,3.662109375000000000e-01,-6.866455078125000000e-02,-3.738403320312500000e-01
3.544364261627197266e+01,2.264914751052856445e+00,-6.189011096954346591e+00,7.539340972900391513e+00,3.356933593750000000e-01,0.000000000000000000e+00,-3.280639648437500000e-01
3.545865201950073242e+01,2.286462545394897017e+00,-6.189011096954346591e+00,7.539340972900391513e+00,3.356933593750000000e-01,5.340576171875000000e-02,-3.280639648437500000e-01
3.547075486183166504e+01,2.245761156082153320e+00,-6.162674903869628906e+00,7.539340972900391513e+00,5.340576171875000000e-01,5.340576171875000000e-02,-4.272460937500000000e-01
3.548600792884826660e+01,2.245761156082153320e+00,-6.129156112670897549e+00,7.532158374786377841e+00,5.340576171875000000e-01,4.577636718750000000e-02,-4.272460937500000000e-01
3.550136041641235352e+01,2.212242364883423296e+00,-6.129156112670897549e+00,7.443572998046875000e+00,4.806518554687500000e-01,0.000000000000000000e+00,-1.449584960937500000e-01
3.551326155662536621e+01,2.212242364883423296e+00,-6.098031520843505859e+00,7.443572998046875000e+00,4.806518554687500000e-01,4.577636718750000000e-02,-9.918212890625000000e-02
3.552743005752563477e+01,2.288856744766235796e+00,-6.098031520843505859e+00,7.515398979187012607e+00,4.806518554687500000e-01,0.000000000000000000e+00,-9.918212890625000000e-02
3.554041838645935059e+01,2.303221940994262695e+00,-6.169857501983642578e+00,7.524975776672362393e+00,3.738403320312500000e-01,-1.983642578125000000e-01,-1.220703125000000000e-01
3.555439591407775879e+01,2.303221940994262695e+00,-6.169857501983642578e+00,7.527369976043701172e+00,2.899169921875000000e-01,-2.288818359375000000e-01,-2.212524414062500000e-01
3.556654787063598633e+01,2.279279947280884233e+00,-6.162674903869628906e+00,7.527369976043701172e+00,3.738403320312500000e-01,-2.288818359375000000e-01,-2.212524414062500000e-01
3.558169436454772949e+01,2.279279947280884233e+00,-6.162674903869628906e+00,7.496245384216308594e+00,3.585815429687500000e-01,-2.288818359375000000e-01,-2.441406250000000000e-01
3.559721231460571289e+01,2.279279947280884233e+00,-6.157886505126952237e+00,7.496245384216308594e+00,3.585815429687500000e-01,-9.918212890625000000e-02,-2.441406250000000000e-01
3.560912942886352539e+01,2.269703149795531782e+00,-6.157886505126952237e+00,7.515398979187012607e+00,3.585815429687500000e-01,-1.449584960937500000e-01,-2.441406250000000000e-01
3.562436246871948242e+01,2.269703149795531782e+00,-6.157886505126952237e+00,7.556100368499755859e+00,5.264282226562500000e-01,-9.918212890625000000e-02,-2.441406250000000000e-01
3.563633751869201660e+01,2.315192937850951704e+00,-6.181828498840332031e+00,7.577648162841797763e+00,5.264282226562500000e-01,-1.144409179687500000e-01,-3.585815429687500000e-01
3.565158224105834961e+01,2.315192937850951704e+00,-6.181828498840332031e+00,7.577648162841797763e+00,4.119873046875000000e-01,-1.144409179687500000e-01,-3.585815429687500000e-01
3.566652584075927734e+01,2.279279947280884233e+00,-6.181828498840332031e+00,7.577648162841797763e+00,3.890991210937500000e-01,-1.144409179687500000e-01,-3.585815429687500000e-01
3.567751955986022949e+01,2.274491548538208008e+00,-6.167463302612304688e+00,7.524975776672362393e+00,3.890991210937500000e-01,7.629394531250000000e-03,-2.899169921875000000e-01
3.569375896453857422e+01,2.209848165512084961e+00,-6.167463302612304688e+00,7.524975776672362393e+00,3.890991210937500000e-01,6.866455078125000000e-02,-4.348754882812500000e-01
3.570436763763427734e+01,2.209848165512084961e+00,-6.167463302612304688e+00,7.524975776672362393e+00,3.890991210937500000e-01,4.577636718750000000e-02,-2.517700195312500000e-01
3.572011280059814453e+01,2.255337953567504883e+00,-6.167463302612304688e+00,7.522581577301025391e+00,4.348754882812500000e-01,4.577636718750000000e-02,-9.918212890625000000e-02
3.573264002799987793e+01,2.298433542251586914e+00,-6.162674903869628906e+00,7.532158374786377841e+00,4.425048828125000000e-01,-1.068115234375000000e-01,-4.577636718750000000e-02
3.574669194221496582e+01,2.298433542251586914e+00,-6.160280704498291016e+00,7.474697589874267578e+00,4.348754882812500000e-01,-1.068115234375000000e-01,-4.577636718750000000e-02
3.575845956802368164e+01,2.298433542251586914e+00,-6.160280704498291016e+00,7.455543994903564453e+00,4.272460937500000000e-01,-6.866455078125000000e-02,-1.754760742187500000e-01
3.577603173255920410e+01,2.300827741622924805e+00,-6.160280704498291016e+00,7.455543994903564453e+00,4.119873046875000000e-01,4.043579101562500000e-01,-1.983642578125000000e-01
3.578887653350830078e+01,2.300827741622924805e+00,-6.167463302612304688e+00,7.527369976043701172e+00,4.272460937500000000e-01,1.678466796875000000e-01,-5.111694335937500000e-01
3.580077290534973145e+01,2.300827741622924805e+00,-6.217741489410400391e+00,7.527369976043701172e+00,5.493164062500000000e-01,1.678466796875000000e-01,-5.111694335937500000e-01
3.581822037696838379e+01,2.286462545394897017e+00,-6.217741489410400391e+00,7.491456985473632812e+00,5.493164062500000000e-01,1.296997070312500000e-01,-3.051757812500000000e-01
3.582936382293701172e+01,2.286462545394897017e+00,-6.169857501983642578e+00,7.491456985473632812e+00,4.043579101562500000e-01,1.296997070312500000e-01,-3.051757812500000000e-01
3.584259724617004395e+01,2.229001760482788086e+00,-6.112396717071532315e+00,7.477091789245604581e+00,3.738403320312500000e-01,1.296997070312500000e-01,-4.272460937500000000e-01
3.586024141311645508e+01,2.219424962997436523e+00,-6.112396717071532315e+00,7.450755596160888672e+00,3.738403320312500000e-01,1.754760742187500000e-01,-5.874633789062500000e-01
3.587100958824157715e+01,2.219424962997436523e+00,-6.112396717071532315e+00,7.450755596160888672e+00,4.272460937500000000e-01,-9.918212890625000000e-02,-6.484985351562500000e-01
3.588525319099426270e+01,2.262520551681518555e+00,-6.066906929016112393e+00,7.448361396789550781e+00,4.653930664062500000e-01,-3.814697265625000000e-02,-7.324218750000000000e-01
3.589922380447387695e+01,2.296039342880249023e+00,-6.117185115814208984e+00,7.496245384216308594e+00,7.095336914062500000e-01,-3.814697265625000000e-02,-1.045227050781250000e+00
3.591259789466857910e+01,2.351105928421020508e+00,-6.057330131530762607e+00,7.496245384216308594e+00,7.095336914062500000e-01,2.136230468750000000e-01,-1.091003417968750000e+00
3.592341136932373047e+01,2.296039342880249023e+00,-6.023811340332031250e+00,7.496245384216308594e+00,3.814697265625000000e-01,3.585815429687500000e-01,-1.159667968750000000e+00
3.594135046005249023e+01,2.233790159225463867e+00,-6.023811340332031250e+00,7.433996200561522549e+00,1.678466796875000000e-01,3.585815429687500000e-01,-1.091003417968750000e+00
3.595224165916442871e+01,2.226607561111450195e+00,-6.095637321472167969e+00,7.429207801818847656e+00,-1.525878906250000000e-01,2.441406250000000000e-01,-1.182556152343750000e+00
3.596560764312744141e+01,2.226607561111450195e+00,-6.100425720214843750e+00,7.378929615020752841e+00,-1.525878906250000000e-01,2.441406250000000000e-01,-1.289367675781250000e+00
3.598332715034484863e+01,2.327163934707641602e+00,-6.241683959960937500e+00,7.429207801818847656e+00,2.212524414062500000e-01,3.509521484375000000e-01,-1.350402832031250000e+00
3.599391317367553711e+01,2.327163934707641602e+00,-6.241683959960937500e+00,7.460332393646240234e+00,5.569458007812500000e-01,3.509521484375000000e-01,-1.495361328125000000e+00
3.600842881202697754e+01,2.327163934707641602e+00,-6.009446144104003906e+00,7.462726593017577237e+00,5.569458007812500000e-01,3.356933593750000000e-01,-1.396179199218750000e+00
3.602238154411315918e+01,2.492363929748535156e+00,-6.009446144104003906e+00,7.462726593017577237e+00,2.899169921875000000e-01,-3.356933593750000000e-01,-1.396179199218750000e+00
3.603555536270141602e+01,2.492363929748535156e+00,-6.009446144104003906e+00,7.477091789245604581e+00,-2.670288085937500000e-01,-3.356933593750000000e-01,-1.396179199218750000e+00
3.604650688171386719e+01,2.449268341064453125e+00,-6.133944511413574219e+00,7.395689010620117188e+00,-6.561279296875000000e-01,2.159118652343750000e+00,-2.296447753906250000e+00
3.606200957298278809e+01,2.245761156082153320e+00,-5.992686748504638672e+00,7.364564418792724609e+00,-6.561279296875000000e-01,2.159118652343750000e+00,-2.624511718750000000e+00
3.607613658905029297e+01,2.114079952239990234e+00,-6.086060523986816406e+00,7.362170219421387607e+00,-9.536743164062500000e-01,2.395629882812500000e+00,-3.578186035156250000e+00
3.608935832977294922e+01,2.114079952239990234e+00,-6.081272125244141513e+00,7.362170219421387607e+00,-9.536743164062500000e-01,2.746582031250000000e+00,-3.967285156250000000e+00
3.610412192344665527e+01,2.128445386886596680e+00,-6.081272125244141513e+00,7.486668586730957031e+00,-9.536743164062500000e-01,3.181457519531250000e+00,-5.432128906250000000e+00
3.611546325683593750e+01,2.300827741622924805e+00,-6.081272125244141513e+00,7.496245384216308594e+00,-8.316040039062500000e-01,3.509521484375000000e+00,-5.432128906250000000e+00
3.613113570213317871e+01,2.365471124649048296e+00,-6.054935932159423828e+00,7.661445140838622159e+00,-9.460449218750000000e-01,4.264831542968750000e+00,-5.447387695312500000e+00
3.614283657073974609e+01,2.343923330307006836e+00,-6.054935932159423828e+00,7.661445140838622159e+00,-5.035400390625000000e-01,4.264831542968750000e+00,-5.165100097656250000e+00
3.615821862220764160e+01,2.343923330307006836e+00,-6.054935932159423828e+00,7.539340972900391513e+00,-3.967285156250000000e-01,3.501892089843750000e+00,-4.867553710937500000e+00
3.617264342308044434e+01,2.300827741622924805e+00,-6.045359134674072266e+00,7.539340972900391513e+00,-3.967285156250000000e-01,3.501892089843750000e+00,-4.631042480468750000e+00
3.618434000015258789e+01,2.185906171798706055e+00,-6.045359134674072266e+00,7.539340972900391513e+00,-6.942749023437500000e-01,3.501892089843750000e+00,-4.631042480468750000e+00
3.620006155967712402e+01,2.185906171798706055e+00,-6.021417140960692471e+00,7.522581577301025391e+00,-9.536743164062500000e-01,3.501892089843750000e+00,-4.631042480468750000e+00
3.621139454841613770e+01,2.185906171798706055e+00,-5.944802761077880859e+00,7.237671852111816406e+00,-1.396179199218750000e+00,4.455566406250000000e+00,-6.294250488281250000e+00
3.622721338272094727e+01,2.051830768585205078e+00,-5.944802761077880859e+00,7.237671852111816406e+00,-1.457214355468750000e+00,6.652832031250000000e+00,-8.079528808593750000e+00
3.623887705802917480e+01,2.185906171798706055e+00,-6.014234542846679688e+00,7.479485988616942471e+00,-1.457214355468750000e+00,6.652832031250000000e+00,-8.422851562500000000e+00
3.625366950035095215e+01,2.185906171798706055e+00,-6.069301128387451172e+00,7.508216381072997159e+00,-1.983642578125000000e+00,6.484985351562500000e+00,-9.262084960937500000e+00
3.626776313781738281e+01,2.413355350494384766e+00,-6.217741489410400391e+00,7.592013359069824219e+00,-1.770019531250000000e+00,6.347656250000000000e+00,-9.262084960937500000e+00
3.628170084953308105e+01,2.425326347351074219e+00,-6.217741489410400391e+00,7.592013359069824219e+00,-1.770019531250000000e+00,6.019592285156250000e+00,-8.537292480468750000e+00
3.629608178138732910e+01,2.425326347351074219e+00,-6.217741489410400391e+00,7.580042362213134766e+00,-1.770019531250000000e+00,5.012512207031250000e+00,-8.026123046875000000e+00
3.630823969841003418e+01,2.377442359924316406e+00,-6.141127109527587891e+00,7.381323814392089844e+00,-1.419067382812500000e+00,5.012512207031250000e+00,-8.537292480468750000e+00
3.632355856895446777e+01,2.161964178085326704e+00,-6.088454723358153409e+00,7.292738437652587891e+00,-1.937866210937500000e+00,4.745483398437500000e+00,-9.460449218750000000e+00
3.633534002304077148e+01,2.161964178085326704e+00,-5.896918773651122159e+00,7.292738437652587891e+00,-2.632141113281250000e+00,4.745483398437500000e+00,-1.027679443359375000e+01
3.634956169128417969e+01,2.142810583114624023e+00,-6.011840343475342685e+00,7.589619159698486328e+00,-3.036499023437500000e+00,5.332946777343750000e+00,-1.264953613281250000e+01
3.636300063133239746e+01,2.178723573684692383e+00,-6.011840343475342685e+00,7.589619159698486328e+00,-3.036499023437500000e+00,5.332946777343750000e+00,-1.296997070312500000e+01
3.637747645378112793e+01,2.406172752380371094e+00,-6.196193695068358487e+00,7.589619159698486328e+00,-3.036499023437500000e+00,4.951477050781250000e+00,-1.274108886718750000e+01
3.638943505287170410e+01,2.487575531005859819e+00,-6.196193695068358487e+00,7.587224960327147549e+00,-2.441406250000000000e+00,4.135131835937500000e+00,-1.274108886718750000e+01
3.640633606910705566e+01,2.487575531005859819e+00,-6.030993938446044922e+00,7.400477409362792969e+00,-3.036499023437500000e+00,2.723693847656250000e+00,-1.169586181640625000e+01
3.641692996025085449e+01,2.229001760482788086e+00,-5.959167957305907315e+00,7.400477409362792969e+00,-4.920959472656250000e+00,2.189636230468750000e+00,-1.145172119140625000e+01
3.643134164810180664e+01,2.128445386886596680e+00,-6.026205539703369141e+00,7.400477409362792969e+00,-5.157470703125000000e+00,7.400512695312500000e-01,-1.145172119140625000e+01
3.644816827774047852e+01,2.229001760482788086e+00,-6.026205539703369141e+00,7.410054206848143643e+00,-9.613037109375000000e+00,-5.233764648437500000e+00,-1.184844970703125000e+01
3.645874047279357910e+01,2.161964178085326704e+00,-6.124367713928222656e+00,7.410054206848143643e+00,-9.613037109375000000e+00,-5.233764648437500000e+00,-1.266479492187500000e+01
3.647313451766967773e+01,2.904166698455810547e+00,-6.277596950531005859e+00,7.283161640167236328e+00,-1.303100585937500000e+01,-9.170532226562500000e+00,-1.184844970703125000e+01
3.648732757568359375e+01,2.243366956710815430e+00,-6.277596950531005859e+00,6.964732646942138672e+00,-1.228332519531250000e+01,-1.298522949218750000e+01,-1.097106933593750000e+01
3.649949264526367188e+01,2.904166698455810547e+00,-6.552929878234862393e+00,7.283161640167236328e+00,-1.228332519531250000e+01,-1.298522949218750000e+01,-1.026153564453125000e+01
3.651176023483276367e+01,2.837128877639770508e+00,-5.906495571136474609e+00,7.295132637023925781e+00,-1.228332519531250000e+01,-1.284027099609375000e+01,-1.026153564453125000e+01
3.652910614013671875e+01,2.904166698455810547e+00,-6.277596950531005859e+00,7.295132637023925781e+00,-1.297760009765625000e+01,-1.200866699218750000e+01,-1.203155517578125000e+01
3.654030609130859375e+01,2.837128877639770508e+00,-6.277596950531005859e+00,7.082048416137695312e+00,-1.297760009765625000e+01,-1.043701171875000000e+01,-1.203155517578125000e+01
3.655385756492614746e+01,2.808398485183715820e+00,-6.277596950531005859e+00,7.082048416137695312e+00,-1.109313964843750000e+01,-3.898620605468750000e+00,-1.191711425781250000e+01
3.657167267799377441e+01,2.688688516616821289e+00,-6.399701118469237393e+00,7.242460250854492188e+00,-8.613586425781250000e+00,-2.059936523437500000e-01,-1.057434082031250000e+01
3.658481597900390625e+01,2.688688516616821289e+00,-6.057330131530762607e+00,7.381323814392089844e+00,-7.072448730468750000e+00,-2.059936523437500000e-01,-1.057434082031250000e+01
3.659579157829284668e+01,2.573766708374023438e+00,-6.399701118469237393e+00,7.242460250854492188e+00,-7.072448730468750000e+00,-2.136230468750000000e+00,-1.057434082031250000e+01
3.661033701896667480e+01,2.020706176757812500e+00,-6.416460514068604404e+00,7.196969985961914062e+00,-8.987426757812500000e+00,-3.959655761718750000e+00,-1.128387451171875000e+01
3.662249541282653809e+01,2.020706176757812500e+00,-6.521805286407471591e+00,6.986280441284179688e+00,-1.443481445312500000e+01,-1.351928710937500000e+01,-1.128387451171875000e+01
3.663528561592102051e+01,2.652775526046752930e+00,-6.421248912811278409e+00,7.036558628082275391e+00,-1.443481445312500000e+01,-1.351928710937500000e+01,-1.128387451171875000e+01
3.665276741981506348e+01,2.987963676452636719e+00,-6.421248912811278409e+00,7.036558628082275391e+00,-1.763153076171875000e+01,-1.222229003906250000e+01,-1.049804687500000000e+01
3.666422820091247559e+01,2.987963676452636719e+00,-6.160280704498291016e+00,7.036558628082275391e+00,-1.763153076171875000e+01,-1.045227050781250000e+01,-6.690979003906250000e+00
3.667662024497985840e+01,2.987963676452636719e+00,-6.026205539703369141e+00,7.493851184844971591e+00,-1.831054687500000000e+01,-1.045227050781250000e+01,-6.690979003906250000e+00
3.669161748886108398e+01,2.470816135406494141e+00,-6.160280704498291016e+00,6.979097843170166016e+00,-1.924896240234375000e+01,-5.966186523437500000e+00,-7.469177246093750000e+00
3.670376324653625488e+01,2.470816135406494141e+00,-6.227318286895752841e+00,6.885724067687987393e+00,-1.831054687500000000e+01,1.502990722656250000e+00,-1.300048828125000000e+01
3.671911239624023438e+01,3.263296842575072798e+00,-6.586448669433593750e+00,6.885724067687987393e+00,-1.693725585937500000e+01,2.952575683593750000e+00,-1.139068603515625000e+01
3.673102879524230957e+01,3.749319791793823242e+00,-6.586448669433593750e+00,6.904877662658691406e+00,-1.647186279296875000e+01,7.072448730468750000e+00,-1.139068603515625000e+01
3.674531912803649902e+01,6.830657482147217685e+00,-6.586448669433593750e+00,6.904877662658691406e+00,-1.174926757812500000e+00,7.072448730468750000e+00,6.790161132812500000e+00
3.676041150093078613e+01,6.830657482147217685e+00,-6.770802497863769531e+00,7.963114738464355469e+00,-1.174926757812500000e+00,2.092742919921875000e+01,4.666137695312500000e+01
3.677245903015136719e+01,4.821922302246093750e+00,-6.770802497863769531e+00,1.584243202209472656e+01,1.335144042968750000e+01,1.861572265625000000e+00,7.616424560546875000e+01
3.678771352767944336e+01,2.346317529678344727e+00,-6.107608318328857422e+00,1.584243202209472656e+01,1.335144042968750000e+01,2.092742919921875000e+01,4.666137695312500000e+01
3.680292081832885742e+01,4.821922302246093750e+00,-6.045359134674072266e+00,1.258392429351806463e+01,1.335144042968750000e+01,-1.631164550781250000e+01,-5.134582519531250000e+00
3.681478166580200195e+01,4.730942249298096591e+00,-5.190629005432128906e+00,7.362170219421387607e+00,-1.045227050781250000e+00,4.740142822265625000e+01,-4.913330078125000000e+01
3.683020257949829102e+01,4.730942249298096591e+00,-5.190629005432128906e+00,6.081272125244141513e+00,-1.045227050781250000e+00,-7.690429687500000000e+00,-6.614685058593750000e+00
3.684137558937072754e+01,4.627991676330566406e+00,-7.141903400421142578e+00,5.966350555419922763e+00,-9.536743164062500000e-01,-7.690429687500000000e+00,-6.614685058593750000e+00
3.685701298713684082e+01,3.215412855148315430e+00,-7.141903400421142578e+00,5.966350555419922763e+00,5.561828613281250000e+00,-1.747131347656250000e+01,-1.365661621093750000e+00
3.686955451965332031e+01,3.215412855148315430e+00,-5.355829238891601562e+00,7.235277652740478516e+00,5.561828613281250000e+00,-1.747131347656250000e+01,-1.365661621093750000e+00
3.688424539566040039e+01,1.268926858901977539e+00,-5.070919036865233487e+00,8.121131896972656250e+00,9.918212890625000000e+00,-1.747131347656250000e+01,6.103515625000000000e+00
3.689591050148010254e+01,-8.451532125473022461e-01,-5.070919036865233487e+00,9.306262016296386719e+00,-1.068115234375000000e+00,-1.107025146484375000e+01,1.942443847656250000e+01
3.691179060935974121e+01,-8.451532125473022461e-01,-6.924031257629394531e+00,9.306262016296386719e+00,1.197814941406250000e+00,-4.611968994140625000e+01,1.942443847656250000e+01
3.692616558074951172e+01,-1.388636976480484009e-01,-6.924031257629394531e+00,8.983044624328613281e+00,-2.083587646484375000e+01,-1.107025146484375000e+01,-8.354187011718750000e+00
3.693800091743469238e+01,1.580173134803771973e+00,-6.713341236114502841e+00,7.508216381072997159e+00,-7.995605468750000000e+00,-4.043579101562500000e-01,-8.354187011718750000e+00
3.695377659797668457e+01,2.145204782485961914e+00,-6.713341236114502841e+00,7.139509201049804688e+00,-1.222229003906250000e+01,3.181457519531250000e+00,-1.399230957031250000e+01
3.696451997756958008e+01,2.145204782485961914e+00,-6.718129634857177734e+00,6.864176273345947266e+00,-1.222229003906250000e+01,3.181457519531250000e+00,-3.242492675781250000e+00
3.698006153106689453e+01,3.148375272750854492e+00,-6.718129634857177734e+00,7.139509201049804688e+00,-1.529693603515625000e+01,-3.486633300781250000e+00,-3.242492675781250000e+00
3.699572753906250000e+01,3.148375272750854492e+00,-6.344634532928467685e+00,6.864176273345947266e+00,-1.776123046875000000e+01,-3.486633300781250000e+00,-3.242492675781250000e+00
3.700673890113830566e+01,2.853888273239136186e+00,-6.344634532928467685e+00,7.589619159698486328e+00,-1.776123046875000000e+01,7.118225097656250000e+00,-4.325866699218750000e+00
3.702240586280822754e+01,2.853888273239136186e+00,-6.517016887664794922e+00,7.110778808593750000e+00,-1.454925537109375000e+01,7.118225097656250000e+00,-1.808929443359375000e+01
3.703651762008666992e+01,2.880224704742432085e+00,-6.574477672576903409e+00,7.431602001190185547e+00,-1.451110839843750000e+01,4.814147949218750000e+00,-1.808929443359375000e+01
3.705079340934753418e+01,2.880224704742432085e+00,-6.574477672576903409e+00,7.110778808593750000e+00,-1.454925537109375000e+01,2.937316894531250000e+00,-1.010894775390625000e+01
3.706180763244628906e+01,2.571372509002685103e+00,-6.574477672576903409e+00,7.431602001190185547e+00,-1.454162597656250000e+01,2.494812011718750000e+00,-1.010894775390625000e+01
3.707850551605224609e+01,2.571372509002685103e+00,-6.598419666290282315e+00,6.677428245544433594e+00,-1.556396484375000000e+01,2.937316894531250000e+00,-1.016998291015625000e+01
3.709084296226501465e+01,2.724601507186889648e+00,-6.598419666290282315e+00,6.655880451202392578e+00,-1.766967773437500000e+01,-1.937866210937500000e+00,-1.016998291015625000e+01
3.710260224342346191e+01,2.724601507186889648e+00,-6.703764438629150391e+00,6.619967460632324219e+00,-1.766967773437500000e+01,7.804870605468750000e+00,-1.262664794921875000e+01
3.712028908729553223e+01,2.724601507186889648e+00,-6.703764438629150391e+00,6.619967460632324219e+00,-1.787567138671875000e+01,7.843017578125000000e+00,-1.499176025390625000e+01
3.713080525398254395e+01,2.882618904113769087e+00,-6.665457248687744141e+00,6.634332656860352451e+00,-2.104187011718750000e+01,8.712768554687500000e+00,-1.499176025390625000e+01
3.714492559432983398e+01,3.493140220642089844e+00,-6.665457248687744141e+00,6.634332656860352451e+00,-2.256774902343750000e+01,8.712768554687500000e+00,-1.451110839843750000e+01
3.715946507453918457e+01,3.493140220642089844e+00,-6.622361660003662109e+00,6.634332656860352451e+00,-2.104187011718750000e+01,8.834838867187500000e+00,-1.451110839843750000e+01
3.717197370529174805e+01,3.007117271423339844e+00,-6.931213855743407315e+00,6.732494831085205078e+00,-1.876831054687500000e+01,1.129150390625000000e+01,-1.324462890625000000e+01
3.718710827827453613e+01,2.851494073867798296e+00,-6.622361660003662109e+00,6.842628479003906250e+00,-1.876831054687500000e+01,1.129150390625000000e+01,-1.324462890625000000e+01
3.720134973526000977e+01,2.851494073867798296e+00,-6.931213855743407315e+00,6.842628479003906250e+00,-2.023315429687500000e+01,6.546020507812500000e+00,-1.067352294921875000e+01
3.721427464485168457e+01,2.693476915359497070e+00,-6.773196697235107422e+00,6.816292285919189453e+00,-2.023315429687500000e+01,6.546020507812500000e+00,-1.067352294921875000e+01
3.722635531425476074e+01,3.371036052703857422e+00,-6.780379295349121094e+00,6.746860504150391513e+00,-1.879119873046875000e+01,6.546020507812500000e+00,-1.102447509765625000e+01
3.724068188667297363e+01,3.371036052703857422e+00,-6.780379295349121094e+00,6.574477672576903409e+00,-1.879119873046875000e+01,8.682250976562500000e+00,-1.102447509765625000e+01
3.725275397300720215e+01,3.371036052703857422e+00,-6.945579051971436435e+00,6.574477672576903409e+00,-1.879119873046875000e+01,8.682250976562500000e+00,-9.529113769531250000e+00
3.726857542991638184e+01,3.227383852005004883e+00,-6.945579051971436435e+00,6.574477672576903409e+00,-2.161407470703125000e+01,8.682250976562500000e+00,-8.262634277343750000e+00
3.728323030471801758e+01,3.201047658920288086e+00,-6.698976039886474609e+00,7.582436561584472656e+00,-1.576232910156250000e+01,1.093292236328125000e+01,-4.592895507812500000e+00
3.729526305198669434e+01,3.201047658920288086e+00,-6.579266071319580078e+00,7.582436561584472656e+00,-1.576232910156250000e+01,8.735656738281250000e+00,9.918212890625000000e-01
3.730957198143005371e+01,2.930502891540527788e+00,-6.579266071319580078e+00,7.287950038909912109e+00,-1.543426513671875000e+01,8.735656738281250000e+00,9.918212890625000000e-01
3.732170319557189941e+01,2.930502891540527788e+00,-6.746860504150391513e+00,7.287950038909912109e+00,-1.543426513671875000e+01,-2.235412597656250000e+00,5.531311035156250000e+00
3.733683562278747559e+01,1.673546910285949707e+00,-6.756437301635742188e+00,6.342240333557128906e+00,-1.882934570312500000e+01,-2.235412597656250000e+00,7.240295410156250000e+00
3.734889435768127441e+01,1.673546910285949707e+00,-7.187393188476562500e+00,5.559336185455322266e+00,-1.882934570312500000e+01,-5.035400390625000000e-01,1.252746582031250000e+01
3.736374521255493164e+01,2.521094322204589844e+00,-7.378929615020752841e+00,5.516240596771240234e+00,-5.805969238281250000e+00,-5.035400390625000000e-01,1.252746582031250000e+01
3.737600660324096680e+01,2.521094322204589844e+00,-7.264008045196532315e+00,5.559336185455322266e+00,-5.386352539062500000e+00,-1.000213623046875000e+01,1.969146728515625000e+01
3.739126157760620117e+01,2.130839586257934570e+00,-7.264008045196532315e+00,5.214570999145507812e+00,1.449584960937500000e-01,-1.000213623046875000e+01,1.969146728515625000e+01
3.740461158752441406e+01,2.130839586257934570e+00,-7.264008045196532315e+00,5.245696067810058594e+00,6.011962890625000000e+00,-1.280212402343750000e+01,2.445220947265625000e+01
3.741718697547912598e+01,3.557783603668212891e+00,-7.153874397277832031e+00,5.245696067810058594e+00,9.552001953125000000e+00,-4.310607910156250000e+00,2.513885498046875000e+01
3.743248295783996582e+01,3.557783603668212891e+00,-6.904877662658691406e+00,6.354211330413817471e+00,9.552001953125000000e+00,-1.280212402343750000e+01,3.174591064453125000e+01
3.744442272186279297e+01,3.435679435729980469e+00,-6.904877662658691406e+00,6.354211330413817471e+00,9.552001953125000000e+00,-4.310607910156250000e+00,4.125976562500000000e+01
3.746014809608459473e+01,4.453215003013610840e-01,-6.976703643798827237e+00,6.354211330413817471e+00,4.501342773437500000e+00,-1.825714111328125000e+01,4.125976562500000000e+01
3.747224354743957520e+01,4.453215003013610840e-01,-6.976703643798827237e+00,7.259219646453857422e+00,-9.841918945312500000e-01,-1.033782958984375000e+01,1.894378662109375000e+01
3.748743462562561035e+01,1.465251445770263672e+00,-6.976703643798827237e+00,7.259219646453857422e+00,-9.841918945312500000e-01,-1.033782958984375000e+01,4.302978515625000000e+00
3.749963307380676270e+01,3.677493810653687412e+00,-7.091625213623047763e+00,6.244078159332275391e+00,4.753112792968750000e+00,-1.033782958984375000e+01,4.302978515625000000e+00
3.751436471939086914e+01,3.677493810653687412e+00,-8.063671112060548651e+00,6.189011096954346591e+00,1.322174072265625000e+01,-1.564788818359375000e+01,2.423858642578125000e+01
3.752615213394165039e+01,2.557007312774658203e+00,-8.063671112060548651e+00,6.189011096954346591e+00,1.386260986328125000e+01,-2.196502685546875000e+01,3.158569335937500000e+01
3.754153656959533691e+01,2.557007312774658203e+00,-7.515398979187012607e+00,6.189011096954346591e+00,2.539062500000000000e+01,-2.196502685546875000e+01,3.158569335937500000e+01
3.755560350418090820e+01,1.343147158622741699e+00,-6.897695064544677734e+00,6.955155849456787109e+00,2.539062500000000000e+01,-1.544189453125000000e+01,1.202392578125000000e+01
3.756740045547485352e+01,3.416525840759277344e+00,-7.515398979187012607e+00,1.898601889610290305e+00,2.767181396484375000e+01,1.396179199218750000e+00,1.202392578125000000e+01
3.758378791809082031e+01,2.303221940994262695e+00,-7.350199222564697266e+00,7.015010833740233487e+00,1.633453369140625000e+01,-1.544189453125000000e+01,2.252960205078125000e+01
3.759444880485534668e+01,2.303221940994262695e+00,-7.350199222564697266e+00,7.015010833740233487e+00,1.099395751953125000e+01,-1.605987548828125000e+01,2.423095703125000000e+01
3.760967397689819336e+01,2.303221940994262695e+00,-6.940790653228759766e+00,7.015010833740233487e+00,1.099395751953125000e+01,-1.605987548828125000e+01,2.684020996093750000e+01
3.762429952621459961e+01,1.860294699668884499e+00,-6.940790653228759766e+00,7.316680431365967685e+00,2.478027343750000000e+01,-2.933502197265625000e+01,2.423095703125000000e+01
3.763727712631225586e+01,2.667140722274780273e+00,-7.115567207336425781e+00,4.352658748626708984e+00,2.674102783203125000e+01,1.358032226562500000e+00,2.813720703125000000e+01
3.764892721176147461e+01,2.408566951751708984e+00,-7.793126583099365234e+00,8.904035568237304688e+00,5.425262451171875000e+01,-3.627014160156250000e+01,2.897644042968750000e+01
3.766619753837585449e+01,2.408566951751708984e+00,-8.726864814758299005e+00,2.966415882110596147e+00,7.468414306640625000e+01,-2.277374267578125000e+01,2.897644042968750000e+01
3.767887902259826660e+01,2.408566951751708984e+00,-8.152256965637207031e+00,4.486733913421630859e+00,1.198959350585937642e+02,-2.277374267578125000e+01,2.466583251953125000e+01
3.769071626663208008e+01,2.181117773056030273e+00,-8.726864814758299005e+00,2.966415882110596147e+00,1.449813842773437500e+02,-1.141357421875000000e+01,1.506042480468750000e+01
3.770824146270751953e+01,9.217676520347596325e-01,-1.076193618774414062e+01,-5.937620162963867188e+00,2.380676269531250000e+02,4.299926757812500000e+01,-1.619720458984375000e+01
3.771911311149597168e+01,3.615244626998900812e-01,-1.108754825592041016e+01,-7.082048416137695312e+00,2.499923706054687500e+02,4.299926757812500000e+01,-4.091644287109375000e+01
3.773315834999084473e+01,-3.576937198638916016e+00,-1.108754825592041016e+01,-5.937620162963867188e+00,2.499923706054687500e+02,-4.763031005859375000e+01,-4.091644287109375000e+01
3.774750351905822754e+01,-3.576937198638916016e+00,1.265335559844970703e+01,1.792059898376464844e+01,2.499923706054687500e+02,-4.763031005859375000e+01,-3.811645507812500000e+01
3.775979781150817871e+01,-1.049857425689697266e+01,1.515529632568359553e+01,1.961270141601562500e+01,1.056747436523437642e+02,1.324081420898437784e+02,-3.811645507812500000e+01
3.777498364448547363e+01,1.932360076904296875e+01,1.515529632568359553e+01,1.961270141601562500e+01,-4.610443115234375000e+01,1.324081420898437784e+02,-4.912567138671875000e+01
3.778928780555725098e+01,-3.241749048233031782e+00,-4.149151325225830078e+00,1.961270141601562500e+01,-4.610443115234375000e+01,1.124572753906250000e+01,-4.912567138671875000e+01
3.780218982696533203e+01,2.109291553497314453e+00,-7.556100368499755859e+00,6.991068840026856357e+00,-3.214263916015625000e+01,-2.402496337890625000e+01,2.111053466796875000e+01
3.781379866600036621e+01,-6.033388376235961914e-01,-7.556100368499755859e+00,6.991068840026856357e+00,1.480102539062500000e+01,-2.402496337890625000e+01,2.111053466796875000e+01
3.783124852180480957e+01,2.109291553497314453e+00,-2.971204280853271484e+00,7.481880187988281250e+00,1.480102539062500000e+01,-5.851745605468750000e+00,1.892089843750000000e+00
3.784311461448669434e+01,4.134786128997803623e+00,-7.493851184844970703e-01,1.060391902923583984e+01,1.418304443359375000e+01,-3.967285156250000000e-01,1.892089843750000000e+00
3.785610699653625488e+01,4.134786128997803623e+00,-7.493851184844970703e-01,1.060391902923583984e+01,2.517700195312500000e-01,-3.967285156250000000e-01,1.892089843750000000e+00
3.787272405624389648e+01,4.134786128997803623e+00,-7.493851184844970703e-01,1.060391902923583984e+01,-3.575897216796875000e+01,-3.967285156250000000e-01,1.960754394531250000e+00
3.788242721557617188e+01,3.938461780548096147e+00,-2.726995706558227539e+00,8.846574783325195312e+00,-3.575897216796875000e+01,1.115417480468750000e+01,-1.800537109375000000e+00
3.789709424972534180e+01,3.938461780548096147e+00,-5.853823184967041016e+00,7.733271598815917969e+00,-2.334594726562500000e+01,-3.639221191406250000e+00,2.601623535156250000e+00
3.790997481346130371e+01,3.562572002410888672e+00,-5.853823184967041016e+00,7.733271598815917969e+00,5.203247070312500000e+00,-7.377624511718750000e+00,4.089355468750000000e+00
3.792481660842895508e+01,2.858676671981811523e+00,-3.912125587463378906e+00,7.740454196929932529e+00,1.914978027343750000e+01,-8.224487304687500000e+00,4.089355468750000000e+00
3.794030356407165527e+01,3.562572002410888672e+00,-2.169146776199340820e+00,7.915230751037597656e+00,2.104187011718750000e+01,-8.224487304687500000e+00,4.089355468750000000e+00
3.795228123664855957e+01,3.912125587463378906e+00,-2.169146776199340820e+00,7.915230751037597656e+00,2.113342285156250000e+01,-1.273345947265625000e+01,1.107025146484375000e+01
3.796668362617492676e+01,3.912125587463378906e+00,-2.169146776199340820e+00,8.013393402099611151e+00,2.113342285156250000e+01,-1.273345947265625000e+01,1.107025146484375000e+01
3.797929811477661133e+01,3.277662038803100586e+00,-3.083731651306152344e+00,9.811438560485839844e+00,5.096435546875000000e+00,2.059936523437500000e-01,-4.272460937500000000e-01
3.799381256103515625e+01,2.758120298385620117e+00,-3.083731651306152344e+00,9.811438560485839844e+00,2.960205078125000000e+00,6.736755371093750000e+00,-3.967285156250000000e+00
3.800937414169311523e+01,2.133233785629272461e+00,-3.083731651306152344e+00,9.131484985351562500e+00,2.960205078125000000e+00,2.059936523437500000e-01,-4.272460937500000000e-01
3.802135038375854492e+01,2.626439332962036133e+00,-3.047818660736083984e+00,9.131484985351562500e+00,2.960205078125000000e+00,-3.105163574218750000e+00,9.841918945312500000e-01
3.803554201126098633e+01,2.626439332962036133e+00,-3.047818660736083984e+00,9.131484985351562500e+00,1.983642578125000000e+00,-3.105163574218750000e+00,9.841918945312500000e-01
3.804739284515380859e+01,2.767697095870972124e+00,-2.609679698944091797e+00,9.473855972290039062e+00,1.983642578125000000e+00,-2.761840820312500000e+00,9.841918945312500000e-01
3.806289792060852051e+01,2.767697095870972124e+00,-2.533065319061279741e+00,9.473855972290039062e+00,-1.869201660156250000e+00,5.050659179687500000e+00,-3.868103027343750000e+00
3.807472801208496094e+01,2.652775526046752930e+00,-2.533065319061279741e+00,9.473855972290039062e+00,-8.438110351562500000e+00,-5.416870117187500000e-01,-4.692077636718750000e+00
3.809022760391235352e+01,2.652775526046752930e+00,-3.256114244461060014e+00,8.152256965637207031e+00,-8.438110351562500000e+00,2.441406250000000000e+00,-4.692077636718750000e+00
3.810493445396423340e+01,2.652775526046752930e+00,-3.256114244461060014e+00,8.152256965637207031e+00,-3.570556640625000000e+00,-5.416870117187500000e-01,2.708435058593750000e+00
3.812080597877502441e+01,2.432508945465087891e+00,-3.014299869537353072e+00,9.042900085449220526e+00,5.744934082031250000e+00,-5.516052246093750000e+00,1.090240478515625000e+01
3.813272643089294434e+01,1.893813490867614746e+00,-3.014299869537353072e+00,1.015141487121582031e+01,9.269714355468750000e+00,-5.516052246093750000e+00,1.090240478515625000e+01
3.814344096183776855e+01,1.893813490867614746e+00,-3.014299869537353072e+00,1.015141487121582031e+01,9.269714355468750000e+00,-3.295898437500000000e+00,6.484985351562500000e-01
3.815900349617004395e+01,3.615244388580321822e+00,-2.353500127792358398e+00,9.634267807006835938e+00,3.074645996093750000e+00,-3.295898437500000000e+00,6.484985351562500000e-01
3.817154788970947266e+01,3.615244388580321822e+00,-2.353500127792358398e+00,9.327809333801269531e+00,1.083374023437500000e+00,1.419067382812500000e+00,9.765625000000000000e-01
3.818584513664245605e+01,2.736572504043579102e+00,-2.547430515289306197e+00,9.368511199951171875e+00,-3.410339355468750000e+00,1.487731933593750000e+00,9.765625000000000000e-01
3.820076465606689453e+01,2.736572504043579102e+00,-3.483563423156738281e+00,9.327809333801269531e+00,-3.410339355468750000e+00,2.159118652343750000e+00,1.144409179687500000e-01
3.821360707283020020e+01,1.932120680809020996e+00,-3.483563423156738281e+00,9.368511199951171875e+00,1.312255859375000000e+00,2.159118652343750000e+00,-7.171630859375000000e-01
3.822773432731628418e+01,2.094926357269286665e+00,-2.889801502227783203e+00,8.860939979553222656e+00,1.312255859375000000e+00,2.159118652343750000e+00,-3.013610839843750000e+00
3.824021172523498535e+01,2.094926357269286665e+00,-2.889801502227783203e+00,8.418012619018554688e+00,3.707885742187500000e+00,-3.234863281250000000e+00,-3.013610839843750000e+00
3.825712203979492188e+01,2.413355350494384766e+00,-2.825157880783081055e+00,8.418012619018554688e+00,-2.288818359375000000e-02,-3.234863281250000000e+00,-3.013610839843750000e+00
3.826791977882385254e+01,2.413355350494384766e+00,-2.825157880783081055e+00,9.428365707397460938e+00,-6.103515625000000000e-02,-3.295898437500000000e+00,3.776550292968750000e+00
3.828220152854919434e+01,2.413355350494384766e+00,-2.825157880783081055e+00,9.428365707397460938e+00,-6.103515625000000000e-02,2.189636230468750000e+00,-4.173278808593750000e+00
3.829619097709655762e+01,1.683123707771301270e+00,-3.442862033843993697e+00,8.817844390869140625e+00,-6.103515625000000000e-02,1.777648925781250000e+00,-4.005432128906250000e+00
3.830853033065795898e+01,3.541024208068848100e+00,-3.442862033843993697e+00,8.817844390869140625e+00,3.639221191406250000e+00,1.777648925781250000e+00,-4.005432128906250000e+00
3.832386040687561035e+01,1.972822189331054910e+00,-2.576160907745361328e+00,8.817844390869140625e+00,7.324218750000000000e-01,1.777648925781250000e+00,-4.005432128906250000e+00
3.833827185630798340e+01,2.475604534149169922e+00,-2.576160907745361328e+00,8.987833023071289062e+00,7.324218750000000000e-01,-2.815246582031250000e+00,2.044677734375000000e+00
3.835154151916503906e+01,2.475604534149169922e+00,-3.119644880294799805e+00,8.987833023071289062e+00,-1.602172851562500000e-01,4.425048828125000000e-01,2.044677734375000000e+00
3.836348891258239746e+01,2.475604534149169922e+00,-3.119644880294799805e+00,9.179368972778320312e+00,-1.602172851562500000e-01,4.425048828125000000e-01,2.044677734375000000e+00
3.838052296638488770e+01,1.874659895896912065e+00,-3.119644880294799805e+00,9.179368972778320312e+00,1.358032226562500000e+00,4.425048828125000000e-01,1.510620117187500000e+00
3.839305043220520020e+01,1.874659895896912065e+00,-2.817975282669067383e+00,9.179368972778320312e+00,1.358032226562500000e+00,1.464843750000000000e+00,-2.639770507812500000e+00
3.840432214736938477e+01,3.138798475265502930e+00,-2.817975282669067383e+00,9.255983352661132812e+00,1.358032226562500000e+00,1.533508300781250000e+00,-1.045227050781250000e+00
3.842270040512084961e+01,3.138798475265502930e+00,-2.817975282669067383e+00,9.337386131286619317e+00,9.689331054687500000e-01,1.533508300781250000e+00,-1.045227050781250000e+00
3.843373751640319824e+01,2.863465070724487749e+00,-2.870647907257080078e+00,9.521739959716796875e+00,4.882812500000000000e-01,1.533508300781250000e+00,-1.045227050781250000e+00
3.844658899307250977e+01,2.473210334777832031e+00,-3.066972255706787109e+00,9.337386131286619317e+00,4.882812500000000000e-01,2.586364746093750000e+00,-2.838134765625000000e+00
3.846130943298339844e+01,2.604891300201416016e+00,-3.047818660736083984e+00,9.026140213012695312e+00,1.106262207031250000e+00,2.586364746093750000e+00,-2.838134765625000000e+00
3.847437405586242676e+01,2.585737705230712891e+00,-3.047818660736083984e+00,9.026140213012695312e+00,1.106262207031250000e+00,-1.411437988281250000e+00,-2.838134765625000000e+00
3.848854351043701172e+01,2.604891300201416016e+00,-2.954444885253906250e+00,9.145850181579589844e+00,4.882812500000000000e-01,-1.663208007812500000e+00,-2.517700195312500000e-01
3.850328111648559570e+01,2.731784105300903764e+00,-2.954444885253906250e+00,9.145850181579589844e+00,4.882812500000000000e-01,-1.663208007812500000e+00,-2.517700195312500000e-01
3.851643252372741699e+01,2.731784105300903764e+00,-2.954444885253906250e+00,9.145850181579589844e+00,1.121520996093750000e+00,-5.416870117187500000e-01,-2.517700195312500000e-01
3.852748250961303711e+01,2.547430515289306197e+00,-2.832340478897094727e+00,8.860939979553222656e+00,1.182556152343750000e+00,-5.416870117187500000e-01,-8.621215820312500000e-01
3.854287362098693848e+01,2.547430515289306197e+00,-2.832340478897094727e+00,8.856151580810546875e+00,1.121520996093750000e+00,-1.632690429687500000e+00,-8.621215820312500000e-01
3.855816245079040527e+01,2.911349296569823775e+00,-2.832340478897094727e+00,8.856151580810546875e+00,1.449584960937500000e-01,-1.632690429687500000e+00,1.487731933593750000e+00
3.857023382186889648e+01,2.911349296569823775e+00,-2.861070871353149414e+00,9.394846916198730469e+00,1.449584960937500000e-01,2.006530761718750000e+00,1.487731933593750000e+00
3.858453226089477539e+01,2.444479942321777344e+00,-2.861070871353149414e+00,9.394846916198730469e+00,1.449584960937500000e-01,2.006530761718750000e+00,-9.613037109375000000e-01
3.859650778770446777e+01,2.444479942321777344e+00,-2.882618904113769087e+00,9.119514465332033026e+00,1.304626464843750000e+00,2.639770507812500000e+00,-9.613037109375000000e-01
3.861163043975830078e+01,2.446874141693115234e+00,-2.882618904113769087e+00,9.119514465332033026e+00,-9.155273437500000000e-02,8.621215820312500000e-01,-9.613037109375000000e-01
3.862332844734191895e+01,2.813186883926392046e+00,-2.882618904113769087e+00,9.255983352661132812e+00,-9.155273437500000000e-02,-6.637573242187500000e-01,3.738403320312500000e-01
3.863833975791931152e+01,2.813186883926392046e+00,-3.033453464508056641e+00,9.493009567260742188e+00,-9.155273437500000000e-02,-6.637573242187500000e-01,1.907348632812500000e-01
3.865137290954589844e+01,2.813186883926392046e+00,-3.081337451934814453e+00,9.493009567260742188e+00,1.258850097656250000e+00,-2.136230468750000000e-01,1.907348632812500000e-01
3.866609883308410645e+01,2.715024709701538086e+00,-3.081337451934814453e+00,9.275136947631835938e+00,1.403808593750000000e+00,-2.136230468750000000e-01,-3.738403320312500000e-01
3.868093538284301758e+01,2.715024709701538086e+00,-3.047818660736083984e+00,9.047688484191896308e+00,1.403808593750000000e+00,-1.289367675781250000e+00,-3.738403320312500000e-01
3.869287562370300293e+01,2.837128877639770508e+00,-2.990357875823974609e+00,9.047688484191896308e+00,-2.136230468750000000e-01,-1.289367675781250000e+00,1.754760742187500000e-01
3.870766997337341309e+01,2.837128877639770508e+00,-2.815581083297729048e+00,9.095572471618652344e+00,-2.136230468750000000e-01,-2.075195312500000000e+00,3.356933593750000000e-01
3.871966576576232910e+01,2.571372509002685103e+00,-2.815581083297729048e+00,9.481039047241212714e+00,-8.392333984375000000e-02,-9.918212890625000000e-02,3.356933593750000000e-01
3.873502755165100098e+01,2.545036315917968750e+00,-2.916137695312500000e+00,9.095572471618652344e+00,1.007080078125000000e+00,1.594543457031250000e+00,-6.256103515625000000e-01
3.874600052833557129e+01,2.545036315917968750e+00,-3.148375272750854492e+00,9.085995674133300781e+00,1.007080078125000000e+00,1.594543457031250000e+00,-6.256103515625000000e-01
3.876266646385192871e+01,2.545036315917968750e+00,-3.148375272750854492e+00,9.085995674133300781e+00,1.533508300781250000e+00,-1.327514648437500000e+00,7.019042968750000000e-01
3.877736449241638184e+01,2.722207307815552202e+00,-2.801215887069701704e+00,9.507374763488769531e+00,1.258850097656250000e+00,-1.327514648437500000e+00,7.019042968750000000e-01
3.878906750679016113e+01,2.832340478897094727e+00,-2.801215887069701704e+00,9.507374763488769531e+00,1.258850097656250000e+00,-2.899169921875000000e-01,7.019042968750000000e-01
3.880492305755615234e+01,2.722207307815552202e+00,-2.918531894683837891e+00,9.100360870361328125e+00,-4.577636718750000000e-02,1.045227050781250000e+00,-6.103515625000000000e-01
3.881556510925292969e+01,2.583343505859375000e+00,-2.935291290283203125e+00,9.100360870361328125e+00,-5.798339843750000000e-01,-2.899169921875000000e-01,1.457214355468750000e+00
3.883116960525512695e+01,2.583343505859375000e+00,-3.129221677780151811e+00,9.009381294250488281e+00,-6.103515625000000000e-01,-2.090454101562500000e+00,7.858276367187500000e-01
3.884360480308532715e+01,2.626439332962036133e+00,-3.129221677780151811e+00,9.220070838928224433e+00,-6.103515625000000000e-01,-2.090454101562500000e+00,7.858276367187500000e-01
3.885872292518615723e+01,2.626439332962036133e+00,-2.873042106628417969e+00,8.971073150634765625e+00,1.914978027343750000e+00,-1.976013183593750000e+00,-1.533508300781250000e+00
3.887299203872680664e+01,2.566584110260009766e+00,-2.851494073867798296e+00,9.220070838928224433e+00,1.914978027343750000e+00,-1.976013183593750000e+00,-1.533508300781250000e+00
3.888654446601867676e+01,2.566584110260009766e+00,-2.873042106628417969e+00,9.346962928771972656e+00,1.914978027343750000e+00,-1.976013183593750000e+00,8.010864257812500000e-01
3.889970922470092773e+01,2.566584110260009766e+00,-2.925714492797852007e+00,9.346962928771972656e+00,-2.136230468750000000e-01,5.264282226562500000e-01,8.010864257812500000e-01
3.891173362731933594e+01,2.482787132263184038e+00,-2.928108692169189009e+00,9.308655738830566406e+00,7.858276367187500000e-01,5.264282226562500000e-01,8.010864257812500000e-01
3.892918181419372559e+01,2.482787132263184038e+00,-3.019088268280029297e+00,8.985439300537109375e+00,-5.340576171875000000e-02,-1.899719238281250000e+00,-1.251220703125000000e+00
3.894220352172851562e+01,2.853888273239136186e+00,-3.019088268280029297e+00,9.308655738830566406e+00,7.858276367187500000e-01,-1.899719238281250000e+00,6.256103515625000000e-01
3.895443391799926758e+01,2.853888273239136186e+00,-2.779668092727661133e+00,8.985439300537109375e+00,9.613037109375000000e-01,7.553100585937500000e-01,-1.251220703125000000e+00
3.897100448608398438e+01,2.688688516616821289e+00,-2.779668092727661133e+00,9.018958091735839844e+00,9.613037109375000000e-01,7.553100585937500000e-01,6.256103515625000000e-01
3.898229146003723145e+01,2.688688516616821289e+00,-2.817975282669067383e+00,9.018958091735839844e+00,7.705688476562500000e-01,-9.613037109375000000e-01,5.340576171875000000e-01
3.899533247947692871e+01,2.408566951751708984e+00,-3.213018655776977095e+00,9.018958091735839844e+00,7.705688476562500000e-01,-9.613037109375000000e-01,5.340576171875000000e-01
3.901017713546752930e+01,2.561795711517333984e+00,-2.817975282669067383e+00,9.234436035156250000e+00,7.705688476562500000e-01,-9.613037109375000000e-01,5.340576171875000000e-01
3.902284550666809082e+01,2.561795711517333984e+00,-2.734178304672240767e+00,9.234436035156250000e+00,4.348754882812500000e-01,1.861572265625000000e+00,-5.187988281250000000e-01
3.903843951225280762e+01,2.561795711517333984e+00,-2.734178304672240767e+00,9.263166427612304688e+00,4.348754882812500000e-01,1.548767089843750000e+00,-5.187988281250000000e-01
3.905219197273254395e+01,2.868253707885741743e+00,-3.112462043762207031e+00,9.263166427612304688e+00,5.035400390625000000e-01,1.548767089843750000e+00,-5.187988281250000000e-01
3.906505513191223145e+01,2.868253707885741743e+00,-3.112462043762207031e+00,9.263166427612304688e+00,5.035400390625000000e-01,1.548767089843750000e+00,-1.510620117187500000e+00
3.907663846015930176e+01,2.868253707885741743e+00,-2.904166698455810547e+00,9.064447402954101562e+00,1.029968261718750000e+00,-2.288818359375000000e-02,-2.365112304687500000e-01
3.909419202804565430e+01,2.846705675125122070e+00,-2.863465070724487749e+00,9.330204010009765625e+00,-1.113891601562500000e+00,-2.288818359375000000e-02,-2.365112304687500000e-01
3.910542368888854980e+01,2.846705675125122070e+00,-2.863465070724487749e+00,9.330204010009765625e+00,1.762390136718750000e+00,-2.288818359375000000e-02,-2.365112304687500000e-01
3.911920356750488281e+01,2.846705675125122070e+00,-2.863465070724487749e+00,9.330204010009765625e+00,-1.525878906250000000e-01,2.212524414062500000e-01,1.319885253906250000e+00
3.913312482833862305e+01,2.667140722274780273e+00,-2.837128877639770508e+00,9.349357604980466974e+00,2.059936523437500000e-01,2.212524414062500000e-01,1.319885253906250000e+00
3.914604496955871582e+01,2.667140722274780273e+00,-3.002328872680663618e+00,9.076418876647949219e+00,2.059936523437500000e-01,2.212524414062500000e-01,1.319885253906250000e+00
3.916111803054809570e+01,2.667140722274780273e+00,-2.796427488327026367e+00,9.346962928771972656e+00,1.037597656250000000e+00,3.814697265625000000e-02,1.754760742187500000e-01
3.917280054092407227e+01,2.772485494613647461e+00,-3.002328872680663618e+00,9.339780807495117188e+00,1.037597656250000000e+00,3.814697265625000000e-02,1.754760742187500000e-01
3.918855047225952148e+01,2.602497100830078125e+00,-2.837128877639770508e+00,9.346962928771972656e+00,3.128051757812500000e-01,-2.067565917968750000e+00,1.754760742187500000e-01
3.920021653175354004e+01,2.671929121017456055e+00,-2.964021682739258257e+00,9.339780807495117188e+00,3.128051757812500000e-01,-2.067565917968750000e+00,-1.525878906250000000e-01
3.921434354782104492e+01,2.671929121017456055e+00,-2.846705675125122070e+00,9.093177795410156250e+00,7.629394531250000000e-03,-3.814697265625000000e-01,-6.637573242187500000e-01
3.922722935676574707e+01,2.741360902786254883e+00,-2.964021682739258257e+00,9.093177795410156250e+00,3.128051757812500000e-01,-2.136230468750000000e-01,-1.525878906250000000e-01
3.924184250831604004e+01,2.786850690841674805e+00,-3.021482467651366743e+00,9.181763648986816406e+00,3.128051757812500000e-01,-2.136230468750000000e-01,-6.637573242187500000e-01
3.925642037391662598e+01,2.786850690841674805e+00,-3.021482467651366743e+00,9.248801231384275567e+00,4.272460937500000000e-01,-2.136230468750000000e-01,-5.035400390625000000e-01
3.926947450637817383e+01,2.786850690841674805e+00,-3.007117271423339844e+00,9.248801231384275567e+00,8.087158203125000000e-01,-1.358032226562500000e+00,-5.035400390625000000e-01
3.928350043296813965e+01,2.700659513473510742e+00,-2.868253707885741743e+00,9.141061782836914062e+00,4.272460937500000000e-01,-1.358032226562500000e+00,-5.035400390625000000e-01
3.929516839981079102e+01,2.540247917175292969e+00,-2.868253707885741743e+00,9.136273384094238281e+00,-2.975463867187500000e-01,-7.171630859375000000e-01,2.059936523437500000e-01
3.931089925765991211e+01,2.566584110260009766e+00,-3.078943252563477007e+00,9.141061782836914062e+00,-2.975463867187500000e-01,1.457214355468750000e+00,2.059936523437500000e-01
3.932252407073974609e+01,2.566584110260009766e+00,-3.078943252563477007e+00,9.188945770263671875e+00,9.918212890625000000e-01,1.205444335937500000e+00,2.059936523437500000e-01
3.933779287338256836e+01,2.571372509002685103e+00,-2.844311475753783736e+00,9.356539726257324219e+00,9.918212890625000000e-01,1.205444335937500000e+00,3.890991210937500000e-01
3.935263085365295410e+01,2.741360902786254883e+00,-2.782062292098999023e+00,9.356539726257324219e+00,5.111694335937500000e-01,-2.914428710937500000e+00,4.196166992187500000e-01
3.936501145362854004e+01,2.698265314102173296e+00,-2.782062292098999023e+00,9.325415611267089844e+00,3.280639648437500000e-01,-2.914428710937500000e+00,4.196166992187500000e-01
3.937978267669677734e+01,2.715024709701538086e+00,-2.954444885253906250e+00,9.287108421325683594e+00,-1.144409179687500000e-01,2.349853515625000000e+00,-4.806518554687500000e-01
3.939245963096618652e+01,2.698265314102173296e+00,-3.045424461364746094e+00,9.287108421325683594e+00,-1.144409179687500000e-01,2.349853515625000000e+00,-4.806518554687500000e-01
3.940709161758422852e+01,2.549824714660644531e+00,-3.148375272750854492e+00,8.872911453247070312e+00,4.272460937500000000e-01,-3.646850585937500000e+00,-7.629394531250000000e-02
3.941923952102661133e+01,2.549824714660644531e+00,-3.148375272750854492e+00,8.872911453247070312e+00,9.613037109375000000e-01,-3.646850585937500000e+00,-7.629394531250000000e-02
3.943453168869018555e+01,2.801215887069701704e+00,-2.703053712844848633e+00,9.241618156433103692e+00,9.613037109375000000e-01,3.814697265625000000e-01,-1.678466796875000000e-01
3.944864249229431152e+01,2.801215887069701704e+00,-2.698265314102173296e+00,9.258378028869627130e+00,2.670288085937500000e-01,8.087158203125000000e-01,-1.678466796875000000e-01
3.946063208580017090e+01,2.729389905929564986e+00,-2.698265314102173296e+00,9.311050415039062500e+00,-1.083374023437500000e+00,8.087158203125000000e-01,-7.629394531250000000e-03
3.947668266296386719e+01,2.506729125976562500e+00,-3.100491046905517578e+00,9.258378028869627130e+00,-1.083374023437500000e+00,8.087158203125000000e-01,-7.629394531250000000e-03
3.948718953132629395e+01,2.487575531005859819e+00,-3.100491046905517578e+00,9.311050415039062500e+00,9.918212890625000000e-01,5.874633789062500000e-01,-7.705688476562500000e-01
3.950251722335815430e+01,2.506729125976562500e+00,-2.944868087768554688e+00,9.308655738830566406e+00,1.556396484375000000e+00,5.874633789062500000e-01,-7.705688476562500000e-01
3.951571846008300781e+01,2.964021682739258257e+00,-2.803610086441040039e+00,9.437942504882812500e+00,1.556396484375000000e+00,5.493164062500000000e-01,-1.243591308593750000e+00
3.952992701530456543e+01,2.964021682739258257e+00,-2.734178304672240767e+00,9.308655738830566406e+00,2.899169921875000000e-01,-2.098083496093750000e+00,1.190185546875000000e+00
3.954170846939086914e+01,2.669534921646118164e+00,-2.734178304672240767e+00,9.229647636413574219e+00,-5.798339843750000000e-01,-1.068115234375000000e+00,1.182556152343750000e+00
3.955910491943359375e+01,2.533065319061279741e+00,-3.193865060806274414e+00,8.877699851989746094e+00,-5.798339843750000000e-01,-1.068115234375000000e+00,1.182556152343750000e+00
3.957145595550537109e+01,2.616862297058105025e+00,-3.193865060806274414e+00,8.877699851989746094e+00,5.264282226562500000e-01,-1.602172851562500000e-01,-5.798339843750000000e-01
3.958355760574340820e+01,2.616862297058105025e+00,-2.990357875823974609e+00,9.169792175292966974e+00,2.182006835937500000e+00,-1.602172851562500000e-01,-1.152038574218750000e+00
3.960113501548767090e+01,2.810792684555053711e+00,-2.784456491470336914e+00,9.239224433898925781e+00,2.182006835937500000e+00,-1.602172851562500000e-01,-1.152038574218750000e+00
3.961432194709777832e+01,2.810792684555053711e+00,-2.717418909072875977e+00,9.275136947631835938e+00,1.907348632812500000e-01,-2.746582031250000000e-01,-1.152038574218750000e+00
3.962627935409545898e+01,2.758120298385620117e+00,-2.717418909072875977e+00,9.366116523742675781e+00,-4.577636718750000000e-01,-2.365112304687500000e-01,5.645751953125000000e-01
3.964336156845092773e+01,2.707842111587524414e+00,-3.069366455078125000e+00,9.325415611267089844e+00,-4.577636718750000000e-01,-2.365112304687500000e-01,5.645751953125000000e-01
3.965686202049255371e+01,2.707842111587524414e+00,-3.069366455078125000e+00,9.325415611267089844e+00,6.103515625000000000e-01,-2.365112304687500000e-01,-2.975463867187500000e-01
3.966742634773254395e+01,2.719813108444213867e+00,-2.952050685882568359e+00,9.325415611267089844e+00,1.029968261718750000e+00,-4.653930664062500000e-01,-5.416870117187500000e-01
3.968215584754943848e+01,2.719813108444213867e+00,-2.782062292098999023e+00,9.370904922485351562e+00,1.029968261718750000e+00,-4.653930664062500000e-01,-3.280639648437500000e-01
3.969487047195434570e+01,2.796427488327026367e+00,-2.782062292098999023e+00,9.370904922485351562e+00,-3.814697265625000000e-02,-4.577636718750000000e-02,-3.280639648437500000e-01
3.971013641357421875e+01,2.657563924789428711e+00,-2.827552080154418945e+00,9.260771751403806817e+00,-4.653930664062500000e-01,3.967285156250000000e-01,-3.280639648437500000e-01
3.972432756423950195e+01,2.552218914031982422e+00,-3.124433279037476030e+00,9.143456459045410156e+00,-4.653930664062500000e-01,3.967285156250000000e-01,1.296997070312500000e-01
3.973616337776184082e+01,2.552218914031982422e+00,-3.179499864578247070e+00,9.093177795410156250e+00,5.874633789062500000e-01,-3.280639648437500000e-01,-3.356933593750000000e-01
3.974934005737304688e+01,2.671929121017456055e+00,-3.179499864578247070e+00,9.093177795410156250e+00,8.850097656250000000e-01,-6.103515625000000000e-01,-4.348754882812500000e-01
3.976328563690185547e+01,2.729389905929564986e+00,-2.856282472610473633e+00,9.294290542602539062e+00,8.850097656250000000e-01,-1.052856445312500000e+00,-4.348754882812500000e-01
3.977843713760375977e+01,2.729389905929564986e+00,-2.834734678268432617e+00,9.294290542602539062e+00,6.484985351562500000e-01,-1.052856445312500000e+00,-3.814697265625000000e-01
3.979135513305664062e+01,2.652775526046752930e+00,-2.834734678268432617e+00,9.157821655273437500e+00,-4.806518554687500000e-01,6.637573242187500000e-01,-3.814697265625000000e-01
3.980571460723876953e+01,2.647987127304076704e+00,-2.918531894683837891e+00,9.054870605468750000e+00,-4.806518554687500000e-01,6.637573242187500000e-01,-3.814697265625000000e-01
3.981821751594543457e+01,2.633621931076049805e+00,-2.932897090911864790e+00,9.054870605468750000e+00,1.060485839843750000e+00,3.890991210937500000e-01,-5.950927734375000000e-01
3.983231496810913086e+01,2.633621931076049805e+00,-2.932897090911864790e+00,9.083600997924804688e+00,1.060485839843750000e+00,2.899169921875000000e-01,-5.950927734375000000e-01
3.984533882141113281e+01,2.736572504043579102e+00,-2.794033288955688477e+00,9.246406555175779474e+00,1.075744628906250000e+00,2.899169921875000000e-01,-5.950927734375000000e-01
3.985966753959655762e+01,2.762908697128295898e+00,-2.794033288955688477e+00,9.449913978576660156e+00,7.171630859375000000e-01,2.899169921875000000e-01,-1.464843750000000000e+00
3.987520503997802734e+01,2.762908697128295898e+00,-2.846705675125122070e+00,9.449913978576660156e+00,4.043579101562500000e-01,1.213073730468750000e+00,-6.256103515625000000e-01
3.988714098930358887e+01,2.669534921646118164e+00,-2.918531894683837891e+00,9.210494041442872870e+00,4.043579101562500000e-01,1.213073730468750000e+00,-6.256103515625000000e-01
3.990120792388916016e+01,2.669534921646118164e+00,-2.954444885253906250e+00,9.210494041442872870e+00,5.798339843750000000e-01,5.035400390625000000e-01,-6.256103515625000000e-01
3.991342711448669434e+01,2.669534921646118164e+00,-2.954444885253906250e+00,9.239224433898925781e+00,5.798339843750000000e-01,-4.730224609375000000e-01,1.449584960937500000e-01
3.992893171310424805e+01,2.676717519760131836e+00,-2.810792684555053711e+00,9.239224433898925781e+00,3.051757812500000000e-01,-4.730224609375000000e-01,1.449584960937500000e-01
3.994440531730651855e+01,2.676717519760131836e+00,-2.810792684555053711e+00,9.145850181579589844e+00,1.907348632812500000e-01,-4.730224609375000000e-01,1.449584960937500000e-01
3.995617032051086426e+01,2.676717519760131836e+00,-3.023876667022705078e+00,9.145850181579589844e+00,1.907348632812500000e-01,4.043579101562500000e-01,-7.629394531250000000e-03
3.997108197212219238e+01,2.688688516616821289e+00,-3.023876667022705078e+00,9.191340446472167969e+00,1.075744628906250000e+00,4.653930664062500000e-01,-7.171630859375000000e-01
3.998348188400268555e+01,2.738966703414916992e+00,-2.935291290283203125e+00,9.289502143859863281e+00,1.075744628906250000e+00,4.653930664062500000e-01,-7.171630859375000000e-01
3.999806666374206543e+01,2.782062292098999023e+00,-2.887407302856445312e+00,9.260771751403806817e+00,5.722045898437500000e-01,4.653930664062500000e-01,-7.171630859375000000e-01
4.001124763488769531e+01,2.755726099014282227e+00,-2.887407302856445312e+00,9.260771751403806817e+00,4.806518554687500000e-01,4.806518554687500000e-01,2.288818359375000000e-02
4.002570581436157227e+01,2.755726099014282227e+00,-2.896984100341796875e+00,9.074024200439453125e+00,9.918212890625000000e-02,4.806518554687500000e-01,2.288818359375000000e-02
4.003978991508483887e+01,2.755726099014282227e+00,-2.896984100341796875e+00,9.074024200439453125e+00,-6.790161132812500000e-01,4.806518554687500000e-01,2.288818359375000000e-02
4.005162048339843750e+01,2.650381326675415039e+00,-2.992752075195312500e+00,8.959102630615234375e+00,-6.790161132812500000e-01,-2.388000488281250000e+00,2.670288085937500000e-01
4.006776142120361328e+01,2.650381326675415039e+00,-2.992752075195312500e+00,9.224859237670898438e+00,6.103515625000000000e-02,-2.388000488281250000e+00,2.670288085937500000e-01
4.007855248451232910e+01,2.650381326675415039e+00,-2.992752075195312500e+00,9.224859237670898438e+00,6.103515625000000000e-02,-2.975463867187500000e-01,2.670288085937500000e-01
4.009368252754211426e+01,2.743755102157592773e+00,-2.813186883926392046e+00,9.224859237670898438e+00,-5.340576171875000000e-02,-1.144409179687500000e-01,-1.449584960937500000e-01
4.011112308502197266e+01,2.743755102157592773e+00,-2.813186883926392046e+00,9.220070838928224433e+00,-5.340576171875000000e-02,-8.392333984375000000e-02,-1.983642578125000000e-01
4.012189984321594238e+01,2.573766708374023438e+00,-2.997540473937988281e+00,9.220070838928224433e+00,-7.629394531250000000e-03,-3.051757812500000000e-02,-1.983642578125000000e-01
4.013637185096740723e+01,2.573766708374023438e+00,-2.997540473937988281e+00,9.188945770263671875e+00,5.722045898437500000e-01,2.746582031250000000e-01,-1.983642578125000000e-01
4.015040659904479980e+01,2.595314502716064453e+00,-2.880224704742432085e+00,9.188945770263671875e+00,1.045227050781250000e+00,2.746582031250000000e-01,-2.365112304687500000e-01
4.016284966468811035e+01,2.722207307815552202e+00,-2.846705675125122070e+00,9.188945770263671875e+00,1.045227050781250000e+00,7.629394531250000000e-03,-2.365112304687500000e-01
4.017479705810546875e+01,2.748543500900268999e+00,-2.880224704742432085e+00,9.253589630126953125e+00,2.975463867187500000e-01,7.629394531250000000e-03,-2.365112304687500000e-01
